pattern,totalBytes,chunkSize,maxMemory,n,mbpsMean,mbpsCi95,mbpsCi95Pct,mbpsMin,mbpsMax,retainedHeap,accountedMemory,spillCount,spilledBytes,tempFileLength,fragments
FORK,16777216,65536,67108864,5,143.12,23.98,16.75,111.78,158.74,67880792,67108864,4612,16752688,16752688,4097
FORK,16777216,8192,16777216,5,182.68,45.32,24.81,142.71,238.11,17840848,16777216,3080,16736304,16736304,4097
FORK,33554432,65536,67108864,5,71.92,15.85,22.04,58.54,90.23,68971456,67108864,10756,33529904,33529904,8193
FORK,33554432,8192,16777216,5,79.68,17.16,21.54,62.30,99.18,18633816,16777216,9224,33513520,33513520,8193
FORK,67108864,65536,67108864,5,63.62,9.49,14.92,51.77,71.16,70550592,67108864,23044,67084336,67084336,16385
FORK,67108864,8192,16777216,5,52.75,6.10,11.56,47.48,57.91,20212304,16777216,21512,67067952,67067952,16385
FORK,134217728,65536,67108864,3,120.80,27.66,22.90,108.06,128.65,70553120,67108864,23044,134185008,134185008,16385
FORK,134217728,8192,16777216,3,64.45,10.48,16.26,59.58,67.06,20495984,16777216,28684,134176816,134176816,16385
FORK,268435456,65536,67108864,3,204.94,36.88,18.00,189.29,218.82,70560184,67108864,23045,268386352,268386352,16385
FORK,268435456,8192,16777216,3,56.45,15.81,28.00,49.28,61.43,21004280,16777216,43030,268394544,268394544,16385
SEQ,16777216,65536,67108864,5,13508.33,2761.06,20.44,9542.13,14697.78,17508632,16777216,0,0,0,1
SEQ,16777216,8192,16777216,5,15477.96,2292.80,14.81,12296.11,16918.24,17280624,16777216,0,0,0,1
SEQ,33554432,65536,67108864,5,14712.29,978.81,6.65,13580.61,15640.27,34954648,33554432,0,0,0,1
SEQ,33554432,8192,16777216,5,1270.45,69.16,5.44,1224.35,1337.73,17262216,16777216,1,16777216,16777216,1
SEQ,67108864,65536,67108864,5,14445.49,1423.34,9.85,12979.90,15566.10,69499984,67108864,0,0,0,1
SEQ,67108864,8192,16777216,5,914.72,106.90,11.69,796.43,1003.21,17264360,16777216,3,50331648,50331648,1
SEQ,134217728,65536,67108864,3,1592.42,334.43,21.00,1475.80,1739.73,69567104,67108864,1,67108864,67108864,1
SEQ,134217728,8192,16777216,3,885.50,43.23,4.88,867.63,902.39,17266408,16777216,7,117440512,117440512,1
SEQ,268435456,65536,67108864,3,1255.25,126.23,10.06,1223.15,1313.83,69524272,67108864,3,201326592,201326592,1
SEQ,268435456,8192,16777216,3,692.15,173.96,25.13,612.90,745.67,17269336,16777216,15,251658240,251658240,1
